160000,0,-4012.96947234918,-2.2298816487699846,-0.041380682952214934,0.14741799055763993
160000,1,-7696.80864289363,0.8619756617209715,-1.358008144316658,0.24422173257963553
160000,2,4978.712889292228,-2.8828569878635135,-0.7199457443657955,-0.9624361848720457
160000,3,-3886.3416769616747,-0.04517572494310862,0.19831190651023403,0.43068062159165155
160000,4,7196.713586985882,-2.0244607057326416,-1.1268727984623523,-1.6593174551371679
160000,5,-1105.6367704245204,2.357855676616569,0.34557901464688967,1.4102289809084425
160000,6,4618.259160965942,1.2605239600430247,0.6960696507212566,-0.9558665001889183
160000,7,-2779.544822647362,-1.3573001082767997,-1.5849505203815017,-1.5587588400173749
160000,8,-524.9614522520847,-1.9475294933525134,-1.0142162021768986,-0.4468219286384108
160000,9,-4597.397447516655,2.0425144856796447,0.12284535022028528,-0.08441215190180952
160000,10,-9076.345867870152,-1.52385689244543,-0.09019553440105306,0.5653168994834641
160001,0,-3934.2236859589734,0.9673817220196907,0.6907778112835007,-0.0336639906189692
160001,1,-2959.1317145732764,2.772457714344137,1.8966173053228963,0.8464875591357639
160001,2,-9120.970773758052,0.23140194746867504,0.22847977648479356,0.5001260961767425
160001,3,-9610.818414507934,-0.5016897056611471,-0.6210097171891773,0.3605190869349487
160001,4,9947.21713481769,-1.2431532238149774,-0.0687218328226473,0.777495126152564
160001,5,3553.9922677840286,-1.7242547709911498,-1.0890480476654059,0.580239526521466
160001,6,-358.86375218843204,-1.5543580618314305,0.8490199625251762,-0.7344561449903481
160001,7,4362.141268919909,2.4835755434036058,-0.43547821119987085,1.3581137090615276
160001,8,-5183.712904630442,0.21913161492045807,0.668808256849737,0.1390323342246353
160001,9,5798.414041678383,-1.7101028195737333,0.9093642914617082,-0.02691396681196132
160001,10,9664.741321201987,2.06871161291843,0.863221385916397,0.31492205922562594
160001,11,-4449.256756028894,1.5109297879244261,1.1805309118448544,-0.043078966709162926
160002,0,4477.002282034788,-0.3254120899032462,-0.6102543951794595,-0.49601591198637807
160002,1,1128.9965049857842,0.47214433301045977,0.7442345249910605,-0.17655586777771537
160002,2,8926.450231162711,-0.1865330981532125,-0.3648038172410759,0.39390844619778576
160002,3,2954.721051516321,0.7772290405237912,-0.7397675812991651,0.5921137428462653
160002,4,797.4579896369172,-1.640743612560649,-1.243282797084229,0.34547296879523454
160002,5,-5489.502257841571,-0.11661917431123703,1.5059519176321143,-0.024112792108149088
160002,6,-4811.04168702968,0.32523371589496985,-0.6019665305144164,-0.17342197819147737
160002,7,9101.746239937956,0.6166608306983483,-0.7293421864254205,-0.20606982703742988
160002,8,3088.3092940282477,2.596626762836781,0.28987194125066607,-0.14556634591494988
160002,9,3236.9484719008897,-2.3262318270893756,-0.3558455543464237,0.6478711881582209
160002,10,-4785.826575273958,-1.0363209468771748,0.8498471418657783,-0.4088231132063922
160002,11,4378.56562145623,0.6515456476248906,0.4401130464378262,0.08287773004051202
160002,12,1576.788421043693,1.9806901638755683,0.7292994678584066,1.145166536552099
160002,13,-1565.7703053849868,0.24890978366238858,0.2197546305145366,-0.2865843465414564
160002,14,3623.858050177682,-0.7040631179258185,0.29169647055333914,0.3138175182023223
160003,0,6670.666548124361,2.204139147781384,-0.46352523544239144,0.0649260443709063
160003,1,-9833.247011912643,-2.4247756034371024,-0.7630665812896806,0.14790145880184052
160003,2,4201.610096241396,3.1121965473874917,0.14048302951602273,-1.0551919376256513
160003,3,399.2814435504079,1.523419552568054,-0.39437011254456233,0.2562240943953228
160003,4,8636.672628480044,-0.8248157600415036,0.2030649728839158,0.7013961307107033
160003,5,7195.161005893837,3.044615539221727,-0.4544614984754033,1.013282296015022
160003,6,-1705.710293341169,-1.7018762611883005,-0.6105739351809499,-0.1715016991450899
160004,0,-1493.7223176549442,1.0426933099614883,1.7734959311732539,-0.18490052060514153
160004,1,-9847.67414565427,-0.9967518326668134,-0.78146114832767,-0.9368513032603181
160004,2,-2290.78743716198,0.09173711603495294,-0.33397719812825044,-0.49729318333293604
160004,3,2620.0493412632786,0.8681097502632413,1.55050077754337,-0.5070576850279693
160004,4,-1482.7149459560967,0.9703037810261979,-0.2150003511877332,-1.2618401382183437
160004,5,568.5332419021488,-1.1128611658881544,0.5933366231232906,-0.5557107209564782
160004,6,4853.291957971949,-1.2091073649364799,1.110377712787407,-0.3505293884390746
160004,7,8587.310262170025,-1.163917359039984,-0.16272648495257033,0.34098085652904603
160004,8,-2821.375614160084,-1.9765341587266259,0.7044741175954279,-0.45765192327902315
160004,9,-5005.488732939495,0.6579436672165846,-0.5172557924834127,-0.629510831786775
160005,0,-4365.820523653032,3.0053333249978467,0.2460517426896555,-0.35378140709005346
160005,1,-2588.4396860283823,-0.7605339987166446,-0.14053823310580454,0.4494052950409156
160005,2,-6643.817653537665,2.945585891825364,0.25892253146143557,1.0696979028695162
160005,3,5285.379501053509,-0.5939743181519921,-0.1381299389879511,0.08048986199685187
160005,4,5505.3759421106115,1.967155045130255,0.03636120359727009,-1.388087223883573
160005,5,-8069.678050188496,0.9426895308568364,-0.08278595709630482,0.027937290709704417
160005,6,7026.491512349664,0.39713433883196947,-0.8552232678535141,0.22219022235266384
160005,7,3794.2405844735467,-2.281588426739649,-0.3545419053490631,0.8774839061293598
160005,8,843.0198990909641,-0.4753187405032824,-0.4005191080863095,0.28133049131727633
160005,9,1807.9036332038543,-2.199337104703279,0.5177088598787406,-0.6959385245769045
160005,10,-8241.82453867741,-0.23584191179589498,1.432935337680773,-0.40631222559821795
160005,11,489.6592585559137,1.8485443646996949,-0.39638501127952536,-0.8520514284362487
160006,0,-2665.81054722306,-2.5180086310146477,0.4776648567999274,0.2912645918570454
160006,1,-1630.9866604268748,-0.0425667856175882,0.2626013692223383,-1.0320948189209709
160006,2,7992.028806413684,1.0637516086395395,0.24191797487802968,-0.3357565683219339
160006,3,-7815.342352999324,0.656514373394304,1.0400354785366908,0.4394696842317821
160006,4,-9878.459892450503,-2.421838387184856,0.14114347549361278,-0.15663444105924026
160006,5,-8098.166970200668,2.1789649320629465,-0.22979450788082748,0.13117466948917517
160006,6,1209.707426827672,2.1255025362705133,1.2344082998043366,0.4628166692587903
160006,7,8377.241751659354,-3.003555343809484,0.5440553775606216,0.5468884930508346
160006,8,-713.1131905336224,1.9270038138143128,0.06477874147323263,-0.8572378519087478
160006,9,458.10894106410444,2.0004080639032598,1.1553517558612048,0.009403216977255952
160006,10,9062.854018091683,0.7215817854124609,0.025220202630103526,0.5794329691654381
160006,11,-3549.3340977009884,-1.8089545107121972,-0.049795255217113976,-0.25791935199925425
160007,0,-5908.447629949033,-0.0774619716359668,0.355207921176799,-0.03193125828668399
160007,1,-7895.705108645539,1.3896871017898995,0.5341825330018515,-0.12426364159996302
160007,2,7382.135497628913,-1.6191678489882881,-0.6044105357402914,0.5595828118981117
160007,3,-3309.0731925165796,2.3415926874606887,-0.10353878079892605,0.8728423066369582
160007,4,-2921.522166133255,2.6350958568084204,-0.2383776479526739,-0.5267713075803779
160007,5,6429.910589743727,-1.6986573759683385,-0.8251807474483195,0.8358629263872009
160007,6,4530.647643986891,-1.4127210658477591,0.5179517055033879,-0.07287302349640133
160008,0,-3761.1542787365297,-0.6442571190337101,-0.30440334789051504,0.501450982689061
160008,1,7622.264426937901,1.6290611771709118,0.11767192241998495,1.6457222764333648
160008,2,-5957.3363335513495,-1.3344538875148908,0.36544949947159944,-0.022238897023558024
160008,3,9648.720006876509,2.681813815557047,-0.6231110385129963,-0.6062630702247673
160008,4,-7158.391622403941,-2.6822608622424258,-1.5222266145572676,0.6114580975615218
160008,5,-8721.684789243653,-1.922703478138137,0.4789018912893106,-1.1990221183675913
160008,6,-2290.657804701107,3.112249548844386,-0.6241208216298895,-0.13614386026241854
160008,7,-3712.8381096925064,1.5696315317634202,0.422999024049616,0.11432654108715141
160008,8,5723.63256567398,1.396373706025945,1.327268387772981,0.0799056114317469
160008,9,8041.196528690209,-1.8401709064353349,-0.3077018666375825,-0.22070481659396324
160008,10,5018.69839086738,2.6080513861709456,-0.02857592368884388,1.0108390906777829
160008,11,9678.487568895303,-2.4435285202786656,-0.5862827039415697,0.4194295423989239
160008,12,-690.4785923042798,2.9661047783108545,0.96424537730763,1.0980445609871143
160008,13,2678.756685995908,2.14469188055717,0.161934284561378,0.7104724998151385
160008,14,-3121.9496366847384,2.5976081422406265,-0.5105294766779226,0.019449089112959655
160008,15,1871.918703525232,2.5998941379904483,-0.959985911550959,1.5507044214769226
160008,16,-2859.3328486198175,0.1617353505829131,-0.3582685491703783,0.28698508890211705
160009,0,5018.516556284856,-2.2732757661315963,1.4937961904475652,0.424317842676313
160009,1,1462.9090907181005,-1.3383856419843936,0.11166751402299693,-0.22386660951190457
160009,2,-375.52388039029313,1.1397689643944782,0.7126410632970459,-0.4579419744097155
160009,3,-9035.329188671269,-2.1554952551594697,-0.062243666230820616,0.21402680999501547
160010,0,4638.449787637846,-0.5842724644659798,-1.3472574734046454,-0.43184595332678116
160010,1,7652.981522006845,-0.9198308524648371,0.35627538579328777,1.1353560787891115
160010,2,-9015.710662387728,-0.21851241233943108,0.3775508455637301,0.06454500077911149
160010,3,-7523.446220612216,0.5425351062258099,0.02870583492637108,0.5807520079650832
160010,4,9861.69486370703,2.447039990409655,0.8597886549188345,-0.46045621138867054
160010,5,-1302.4597648218382,0.09811724204922978,-0.45907065208976594,-1.199166450476954
160010,6,7260.316040791587,-1.5403062498572537,-0.3182401340167822,-0.4128984306661868
160010,7,6757.626827721907,-1.1843849311491437,-0.5443615394043527,-1.0858223239246836
160010,8,7199.650556026228,0.5568526628606967,0.08202151778447923,-0.8030159161308927
160010,9,1625.1954698018226,2.185398472103757,0.1396410660679684,0.4057085387888538
160010,10,1964.7320095954994,-0.07047683025412699,-0.5671559024751136,0.4810319285875129
160010,11,6270.300306290572,1.0992908375202148,-0.4896601752404385,0.5654444546280116
160010,12,-6661.352288503836,-2.247550061079843,0.18144034724802977,0.2560475364686044
160010,13,8977.435089469604,-0.9202525131850936,-0.3121907792021288,-0.33070545752915476
160010,14,3733.2464858327667,1.7625590987271362,0.6390967285082995,0.06531925490051183
160010,15,-327.1798377656398,0.3237472992995811,-0.8540617657842593,-0.5288434628381119
160011,0,2793.6879754725655,-0.8594746872919452,0.7982867402601981,0.1625509799328232
160011,1,-3375.272433568125,-2.427261480322889,0.21876820233293376,0.2156711173843794
160011,2,-8268.133800203737,-2.275311751770831,-0.4385222184426621,-0.05878902043842408
160011,3,-9027.526341653924,0.6897777550342781,-0.10081889998063567,0.08081089537892641
160011,4,-3000.5873775134355,1.6594289392927788,-0.19468748083151255,-0.10482146583194953
160011,5,-7166.969070359631,-2.720254010147543,1.8071551309386003,0.2048247779024284
160011,6,-4820.190777679103,-0.21357701828301634,-1.434932503243892,0.5840809783000049
160011,7,-2776.083686216979,-1.1180635362354203,-0.34159292261379204,0.47274767225288566
160011,8,2320.0295825877474,0.5976628637083148,-1.3423723116246662,-0.05351947089442869
160012,0,6557.074642451687,1.5463171615915687,0.294284700367755,-0.24856149143334208
160012,1,-3833.9829484599945,-2.2798079254180443,-0.2604326876996878,-0.7526932328646214
160012,2,5280.830180569793,0.20510100935122555,-1.0816958127147462,1.713079650843607
160012,3,-4806.803662139311,-1.275786498869424,-0.8442450404775551,0.48040111436590816
160012,4,-9293.743754976997,0.39472796979155866,-0.5077432338432708,0.37615928777642027
160012,5,9809.073619925997,2.5373652696846634,0.6962851923123604,0.0393369288177563
160013,0,4148.7093958896185,-2.7811935781202792,0.24913749148179168,-0.19723850494663622
160013,1,-3963.699955861941,-2.6705233966605535,1.0719404998484785,-0.8268160541331252
160013,2,1399.5535361293016,0.3957240465226648,-0.2492095020110232,0.8209729459360668
160013,3,-3600.5920285340217,-0.8096732980113464,1.8194178532402554,-1.0847194226094465
160013,4,8568.713754147784,2.3620248431620663,1.2999178108187541,0.012031704052801202
160013,5,-8305.025807285054,-1.9157407890275668,0.49744372720227503,-1.2491455837806535
160013,6,-5311.0757495690905,-2.9756905246223893,-0.21957261016085605,0.4900620469029917
160013,7,-3979.3840375394793,-0.7974461532472685,-0.32483917067653717,-0.641774234211032
160013,8,375.8812996800193,-1.9287543351355005,0.763155655882701,0.09580430059410833
160013,9,5784.613049224421,1.166043616705144,-0.22846417024706694,-0.09439252767401937
160013,10,3226.738162376746,0.3700791489333781,-0.5689147228104603,-0.12580493311378205
160014,0,1320.9587141749853,-1.1779530206196758,-0.6968223186775778,0.11801648628818748
160014,1,8231.523045050511,-1.7043226350777878,0.2180775898748222,0.5555205861218627
160014,2,-1897.1401495640316,1.614171383042308,0.5142492063758435,0.5899760322456185
160014,3,-8009.064221288834,0.30033781989093544,0.42641990672220703,0.2746935966891741
160014,4,-611.4872771430257,-1.5386143405822335,0.874729019165742,0.1227835453735175
160014,5,9343.58083685478,-2.022937554710165,0.8605925322517193,-0.4411578376602159
160014,6,-692.6912741529497,1.9394039133145435,0.7253513534537326,-0.4827680060365239
160015,0,3375.9229324109897,0.5013373713545208,0.8544179154967881,0.48876738109535595
160015,1,-4112.489480640996,-2.241595801263461,1.3936855986923073,-0.15920941476906136
160015,2,-4309.539710636829,0.9884936547869199,-0.04021203504301249,-0.305888281750736
160015,3,5677.2187603228895,-1.0965819060285025,0.43220139927711815,-0.6424740215068745
160015,4,-3399.9705372314843,1.3977905806748696,-0.6864834860685518,1.4471963766553535
160015,5,8449.969602772242,-2.6099998810900074,0.5526724199337001,0.20009675203445257
160015,6,-2687.7874114835754,-1.2354120775072268,1.0040309726674055,-0.3372682061389173
160015,7,8012.783512092645,-2.9521536141297524,-0.19074739989740563,-0.5832372743192757
160015,8,-820.6130053800568,-2.9952192139132467,0.25140917896658693,0.436206716288433
160015,9,618.233469356785,1.8571793449849787,-0.13774191891998983,1.0777111049248844
160015,10,7088.5885790829425,-2.9479678411845307,0.8788453405461152,1.0150670137804845
160015,11,-6559.705834556293,-2.156938266122511,-0.5969258125232023,-0.9069385791481622
160016,0,-8493.36949662028,-2.761853305927042,1.1842912480388401,-0.4922611369514289
160016,1,5672.25775867082,-1.2375062450342824,0.487222044340018,-0.30031334952495775
160016,2,8537.13001455275,-2.0959009295774154,0.13243716271955117,-0.3974087806891445
160016,3,-4008.210747469333,2.654456610090479,-0.3842471602917614,-0.2283824559190068
160016,4,8609.44983087911,-2.887303304422627,0.015630468554065025,0.5764179003996424
160016,5,-4286.597143418858,-2.8110089497361974,0.8193223391073269,0.930362072140738
160016,6,9724.645529002864,-1.225298242939319,-0.3209675859011287,-0.4280941288074705
160016,7,-3170.4338394235147,0.9330214605067342,0.17439843619154674,-0.022528137963993167
160016,8,-2512.8418023253794,-2.791028056098475,-1.037568489279594,-0.09493676797569285
160016,9,7825.763858712011,1.2605114849152654,1.1718155540276873,0.2305169548735151
160016,10,-2211.320056597708,-1.3576531512837484,0.5164816053011781,-0.3893325033748148
160016,11,8740.46979912709,-1.4679538870192004,0.219298400161007,0.20511722538110302
160016,12,4415.411931406273,1.6231136849015169,0.1497551199371917,0.20857342469396947
160017,0,3246.6493609550234,-1.8597835786150847,-0.09146715863174165,-0.7267777673208481
160017,1,-6532.047993688494,2.6553235853694046,-0.010790599451302837,-0.5779720519514091
160017,2,9189.28416784753,-0.8188980910157895,-1.0369742685086747,-0.6630831799938124
160017,3,3616.5770957539617,-1.5698509792411612,0.6880315489646384,0.6124050412228115
160017,4,1102.1691906546635,2.7303853762305232,0.4012151364881945,-0.519612795463509
160017,5,-4241.26660659681,1.4951740475782884,0.4175512116608734,0.002561155763649492
160017,6,-4891.253954315952,-1.0325180532378564,-0.10044700194992795,1.2149200331469001
160017,7,4427.873022951942,2.4037122918040312,0.815808813179044,0.05201292053507775
160017,8,-1220.1926750050677,2.930582464047162,0.17224305950567648,-0.326457701709938
160017,9,315.23245973999116,-0.669449526221503,-0.2587293679577961,0.8105039857192555
160017,10,3420.0783634772715,-1.8336527399506464,-0.16749730478220726,1.3293780940756412
160017,11,926.3611226703775,-0.008839162169178572,1.154018739494024,-0.2775773448234681
160017,12,2909.7411425799646,0.48840792956288714,-0.426838243250695,0.1356502548963477
160017,13,9977.728279147055,-2.6463003305756474,1.2819480236204517,0.28209820429485444
160017,14,-5965.564734830141,2.86357294718891,0.4690932234830163,0.09688067196115847
160017,15,-4400.869118488252,1.4511129821654443,-0.49753723110794446,0.8446337144605259
160017,16,-5435.638556580467,1.9817292170139664,-0.8178155452473539,0.05719739751820986
160018,0,-2353.41366066241,-1.0029792654632663,0.7932779290223292,0.16888776274065853
160018,1,-9025.706327828126,0.47475194624490724,-0.36368008943865937,-1.1547051581699521
160018,2,5998.546080624231,1.9377056395425507,1.3141503524674307,-0.1533901910016175
160018,3,1973.0261294394843,0.20377015278783794,0.24303997902338448,-0.4600718911522646
160018,4,3466.645502483131,1.4222263291692157,0.838222698455327,-1.1249063141666946
160018,5,5147.915072085144,-1.2706988394102698,0.5666284529360647,-0.02758855646683403
160018,6,6451.899081849858,0.5631996195461424,-0.2360948402933221,-0.20903946173487914
160019,0,9195.335942542088,-0.0510744337186777,-0.7620994664595486,-0.3803025246874029
160019,1,7949.394590416036,1.6876639598409158,-0.47438318671263124,0.19202382352022276
160019,2,-7231.437685693794,0.6704390250430055,-0.09979858272969906,-0.10112460830551524
160019,3,-6800.858257757139,0.5452279342161948,-0.5348328775266493,-0.19714512984753232
160019,4,9768.572236784863,1.8128803682394423,1.7319759059566266,-0.6462322344549007
160019,5,4446.273494019166,2.239843476351285,-0.2908735885948399,-0.7809516629595001
160019,6,-9878.489756908923,-2.3358216652618657,1.2888630760005917,0.18078689302749146
160019,7,3185.715165358337,-0.22791048565673044,0.8009998389629912,0.44345823759494146
160019,8,-1249.9604589986461,1.2283168935719493,0.07257477898690601,0.3634240815114725
160019,9,-4703.021438961136,-2.9846315078063816,-1.6377186639466652,-0.7332883566227535
160020,0,-8615.183648658445,3.0357013335153002,-1.409580670084701,-1.7087281064937088
160020,1,6788.66956590064,1.1138139876436082,0.254916109084353,1.7657476864845498
160020,2,5002.934519796636,2.228418090018277,-0.7252264169897705,-0.9045495778075235
160020,3,4410.564440082402,1.4173662647781313,-0.07717214071672929,0.9994148566765877
160020,4,-4763.792349438228,-0.20647717799479626,-1.5238701085759185,-0.7222597468171184
160020,5,4012.1911155817206,1.9277821632462304,-0.1893712828808783,0.6060930748512994
160020,6,-4246.0485892355555,-2.6834945268576598,-0.14940801930326086,0.5488472466814736
160020,7,1114.101362683441,3.0193509269649814,-0.00020121727456762635,-0.6264957978488293
160020,8,9108.532484374673,-1.3502263479372787,-0.6286899086795164,0.7564390172198574
160020,9,9824.605146493424,-2.3510621205132622,-0.3735698337007552,-0.8252921229879596
160020,10,-6513.707295595236,-1.2071114299175947,0.07759521146325347,-0.2564280042113338
160021,0,-317.98554276437295,-0.6873318956995544,-1.1785256667358166,0.05942453834342473
160021,1,-8418.125652073519,2.640052631287036,0.79396419672962,0.03359681691906686
160021,2,-3359.753651211812,1.2117701279022928,1.012072150670562,0.2904345300389396
160021,3,-6523.058499508614,0.16151810103951592,0.07193650412621196,0.24097171897878425
160021,4,-9931.014043094505,-1.5570038703587306,-0.22843183722109453,0.8813053139540583
160021,5,-8445.947549072484,-0.6308298500366125,0.002206445245008525,0.023662740695239968
160021,6,-8431.265501049616,-2.84914724647376,-0.4827412173278607,0.29580079522343694
160021,7,-9680.582776533323,-0.5354442488919129,-0.17155044367593353,-0.5661117727120866
160021,8,-4690.056028369732,-1.8571515142338137,-0.3877759567659619,0.4372266436053902
160022,0,8666.138066844163,0.9565118664390724,-0.13345345596222108,0.018739546319772933
160022,1,-6313.8691018686595,2.4859368362480847,-0.7770950216568837,-1.1717701306761326
160022,2,-704.0502755065554,0.08254828824955052,0.8997506206853771,-0.20424968846616381
160022,3,-1927.5979122226274,2.383394121911011,0.44936174357498665,0.881991695885928
160022,4,3822.778229702897,3.063855566315522,0.07335027162921201,-0.1338480481066657
160023,0,1440.1034870761875,-1.4936287953907,-0.09120075262737695,-0.08118989861097287
160023,1,9944.726175090631,1.810591511148644,0.805657155945203,-0.5867970097054843
160023,2,-6867.28036889222,2.1021032459654485,1.1240195628841811,0.1321205521621983
160023,3,2519.4550521501787,2.261079034040108,0.6553412896400562,-0.1052066393505055
160024,0,-5709.234132351339,-2.432163265570105,-0.044715088505034646,-0.7675249114992999
160024,1,-8820.242612888014,2.408809317725347,0.3336965990735277,0.9379455730500347
160024,2,-1655.707690349315,-1.1974608849473352,1.036332437123949,0.2957752842037842
160024,3,-9474.667360625666,-1.5881666950141395,-0.38230442651820945,-0.5544547863042362
160024,4,-4914.301766575299,1.121864965518605,-1.0074785618950668,-0.33891618879113544
160024,5,-6961.286025101848,2.2877561039268937,0.18728405471678156,0.8898653452298919
160024,6,-8373.992708414178,1.869527877433046,-0.3998886546599319,-0.3266972249260373
160024,7,4109.27314051303,1.0737812390375119,0.45423074956551623,0.7241345246151081
160024,8,-2245.9170167228476,-2.681610273044694,-0.028570467473156266,0.8428296532879058
160025,0,7521.865097578807,-2.5152280545358274,-0.1369880704854336,0.060315117539311215
160025,1,-7518.021274661134,1.5163870107358601,-0.40912049693297203,-0.19398968306661116
160025,2,-2265.632317180415,3.1188653186593847,-0.839478770745656,-0.8206156855756424
160025,3,2610.8035542046587,0.15732243953064984,0.5300273250227763,-0.7074894454012846
160025,4,-4925.588122899297,-2.3569399785750766,0.28428720581255496,-0.2608615444762153
160025,5,-9444.971510340683,-1.1036682133068423,0.9252692805086227,1.2004040114125036
160025,6,-6681.516754304243,-0.7193709638280663,-0.2029996746292666,0.2425271410297044
160025,7,-4036.5835707853403,2.5400921660950004,-0.12334493000182994,-0.6435632478837027
160025,8,1824.1584905582877,-1.5476755533609208,-0.5479210364208049,0.4330246405530283
160025,9,3925.421183838725,2.9411425756339344,-0.31629522836567664,-0.3202818121673076
160025,10,-9093.08846896861,0.513231212631903,-0.9010310089118949,0.8403229846176324
160025,11,6961.7807243300085,0.1336134829523168,-0.01934430973235643,0.13859045663093975
160025,12,1046.3700015696786,0.1451272148437881,-0.8987844175764456,0.12152991829311985
160026,0,-3594.91065793108,1.9800262960911414,0.1833537205127283,0.3195145579908778
160026,1,-8320.002544807972,1.329116937276849,0.4566621840172294,0.5968630593833621
160026,2,7467.411309634398,-1.8319340993157185,0.12490775435714631,0.0819143853978282
160026,3,-8165.012887946059,2.9638928247089797,-0.4124833782324451,1.431758216346776
160026,4,8637.603547263465,0.7512512159434142,-0.7454556243878381,1.6502857556289814
160026,5,5970.217062594944,-2.781723591623877,0.1691401591354339,0.6003982678487609
160026,6,6975.293954977652,-0.3991592132495265,-1.1362955497149656,1.4214905733627499
160026,7,-8931.572827677699,-0.6756747672260164,-0.35479210718528753,-0.6063539188169822
160026,8,-6816.769444303792,-0.9732438328947448,-1.0219123681840871,-1.1464134752785653
160026,9,2523.4703120548925,-0.7638378105655108,-0.009803614044918144,0.19823497583656016
160026,10,-3246.7026811845058,1.8681293885796046,-0.18707900808121264,-0.3428346470933248
160027,0,2637.6286491224164,2.2511809231639797,-0.20883969494576243,-0.9522620047965673
160027,1,-7757.445686619909,2.8405297776550587,0.6881678469576493,0.5267672221909702
160027,2,6810.477253928993,-3.050728084267082,0.6454726917610659,0.37620417661603917
160027,3,8403.493872507224,0.008134734686429557,0.07026038973061638,-0.22546292003719207
160027,4,-3343.1909208555544,2.8371854137125556,0.025408013552908396,-0.6970699875930154
160027,5,9325.542658975439,0.5503523517784585,0.9016919469639904,-1.3435522562445548
160027,6,-4715.062463379251,-1.615513009288238,-0.441710293541437,-0.5923657198711512
160027,7,1496.9309066137869,-0.30101979790365485,-0.3602162849696925,0.34306677495909377
160027,8,-762.8060084230826,1.8244269656135108,-0.7656084239899649,0.7142795417918851
160027,9,-6041.776964511622,-0.8811021141479518,0.04994319634604673,-0.12666681635671015
160027,10,3978.264729177592,0.08938606772775959,-0.04301145618767971,0.12779416465419535
160027,11,1071.179908168201,1.1277876145186223,1.2775777078642463,-1.771086177128125
160027,12,2953.7611690099443,1.285428526072745,-0.6609521730361728,-0.6721552406174187
160027,13,-5670.046802270871,2.198061930145637,0.693733878903952,-0.4967795739480242
160028,0,-7323.930852007224,-1.7380582679490963,-0.24806471420336876,0.12470173058030795
160028,1,-1724.8926316100374,2.5092101194246723,-0.04796870002056145,-0.25638390975904857
160028,2,-5791.901327275981,-2.4389401601040683,0.2695359696732488,-0.42999904154488233
160028,3,-1878.5152506333463,-2.0715655476305748,0.12260456571269135,-0.04165045509822111
160028,4,-7377.780334253556,2.012389343754701,1.5890556023096711,-0.40835173159983795
160028,5,-5521.513901807295,-1.033716971019516,-0.6603107143743185,-0.5383209014103532
160028,6,-7688.314145003757,0.6650096867134647,0.36239678120034285,-0.08285976836139548
160028,7,7587.854379693645,1.439230203967445,-0.8679051096212611,-0.8521558657550284
160028,8,-9402.654637814976,2.2661708843506156,0.5823032314951845,0.2087222881308522
160028,9,-8538.137938336939,1.8868125382429932,0.7771723786352706,-0.11139633506771765
160028,10,-4227.556273719537,-0.3384012306674187,-1.2505459984864558,-0.7744146180988688
160028,11,-8156.838889787523,0.21239642239875822,0.8773457305357587,-0.23590279431027839
160028,12,3476.53926382863,-1.58471552767209,0.19624523878032918,0.5101009015897711
160028,13,-8538.76582395542,1.246974014846434,-0.46701941009290016,0.04523156607185717
160029,0,1646.3003224018369,-2.127022732115363,1.6669256570496427,-0.2861690977980717
160029,1,-1740.4463609377985,-2.150804609969072,-0.880517181755718,-0.025782620304435778
160029,2,-8227.555410177969,-0.2825496101641529,0.6389017875609745,0.7112060788795197
160029,3,-9975.079133141508,-1.3272363596881163,1.158607913893297,0.2631692076106852
160029,4,2224.782290716631,0.46725907332100736,-0.2837407252801486,0.6740786787994439
160029,5,4493.519775664052,-0.852759277947428,0.7700465919390865,0.6458450649976015
160029,6,-2366.900253030212,-2.6354063911545293,0.36620850988405845,1.7071381668008274
160029,7,4274.33353038899,1.371536991588373,0.662876479448282,-0.20542966225123876
160029,8,-2619.5204575041807,-1.4641571516727647,-0.5660864628526908,-0.6410827381488114
160029,9,-7437.488051209709,0.35378275132605674,-0.11600481050385077,0.28542447598489695
160029,10,7557.4667966279185,-1.0936100091972092,0.6420710214857928,0.2848388192758521
160029,11,2710.616821167667,3.057622696465007,-0.09856673837395932,1.099345245567513
160029,12,-2252.7937884263947,2.393582557643378,1.1232576909712484,0.7677999405660982
160029,13,2796.8425942660065,3.0107415859524203,0.3511982592151242,0.4005879812117875
160029,14,5794.8797566678895,0.6688457616125238,0.692432621842385,0.6352945698574726
160030,0,-1244.5881669151886,-1.1676761756854392,0.4327883915032869,-0.11642586824500735
160030,1,5723.828793891139,-1.7386184874276616,-0.7588371767552684,-1.0334531064531218
160030,2,6066.808039537107,2.1448225863185355,-0.7305474096809479,-0.424993342997675
160030,3,1380.5814509122768,-1.2093018579756314,0.046097413392190895,0.6569955555579701
160030,4,7886.288333612523,1.5767724576918543,0.7955265783148119,0.2996884170351205
160030,5,1678.3922464681696,-2.4426066578821484,-0.1442425176759521,-0.5524493089236943
160030,6,5197.872122402617,0.6729283903134649,-0.25695136589554485,-0.9134730693081887
160030,7,-9167.07386120473,2.8034151254055653,-1.06020739414363,-0.38647849492077946
160031,0,8095.594832224638,1.6150724210092218,0.6299503752951091,-0.7501552599499695
160031,1,-3261.8235162370133,0.6533049419963124,-0.2853760584096545,0.4651446429569375
160031,2,-7958.166106793828,1.4847362682010816,-0.875423917774947,0.44510871728413043
160031,3,5037.46215172646,0.43030171529813543,0.47165141810333544,-0.5099270836539211
160031,4,9559.087800903888,0.6744571309703709,0.043063580562652165,0.9626788398859216
160031,5,2665.003050576835,-2.328384600870208,-0.3215763464306138,1.2377631674543643
160031,6,5494.324596851605,1.995194761348114,0.09453492066463533,0.15121394208811123
160031,7,-5239.6828884469205,1.7496682946116708,0.6587193503672493,-0.21697921016489954
160032,0,2453.003389004204,2.935621750217889,0.4033025403724211,-0.1346276689667938
160032,1,-5555.326863315726,2.1807273482151412,0.7268518925059332,-0.26176316019263285
160032,2,2162.0874219502884,0.59006881851706,0.7858222872269307,-0.39818908790999386
160032,3,-4469.908541306011,-1.7204756717121716,-0.5705476933737066,-0.9103838925998011
160032,4,-2458.901702320876,-0.30001159404200495,-0.6527050010219446,0.5720935417151183
160032,5,-6298.898658334113,-2.0019233386729924,-0.19301577610966397,-0.5935898172945931
160032,6,5324.745144673247,-1.7701540352965375,0.5262099305160213,-0.8413232718337056
160032,7,-5716.169127061814,0.569791564413233,-0.6410030914005445,-0.862930055139016
160032,8,9793.935876720403,-0.10749203464866453,-0.5618697754169766,-0.07119363151487848
160032,9,-2948.068859938314,-3.0765583063639945,1.3108580354981652,1.1203410528368078
160032,10,-9422.72618572512,0.5213307893929797,-0.8808314315278618,0.38570016515633454
160032,11,9367.263448298847,-0.34650683200734234,0.1660011781399114,1.15886289097964
160032,12,2482.0348443549083,-2.491841362282533,0.5177319735263934,0.9676635947213821
160033,0,-2070.9578540432603,1.3026231523594651,0.7223286337223911,-1.8995478668003787
160033,1,-6066.646496062437,-2.0804572567964716,-1.2773595313081634,-0.5326127658001554
160033,2,-1544.1035123541865,-0.6556870687177612,0.22029751309795265,-0.30806294192055095
160033,3,-6856.672696019132,-2.464286432137502,-0.13153145877425354,0.19415069193000092
160033,4,-4981.4645152426065,-0.9204192502157835,1.0087742176065562,-1.4888387345382754
160033,5,-9669.58881339184,0.2594943211293068,1.4671970250604716,-1.0304676886699942
160033,6,1726.4197017025429,0.9063960522779855,-0.43723676909970544,0.17563739247929377
160033,7,752.6986094194555,-2.5049739862396487,-0.12039873866138807,-0.2854129063490486
160033,8,1915.1318124825268,-0.0873714830505663,-1.2584390948803021,0.8611101166662128
160033,9,-5611.1889949464285,-0.45227184188284086,0.8689496901976874,-0.0019528644200980853
160033,10,2526.5863014307356,0.14838815923526205,-1.0757159319062293,-0.6420022860250426
160033,11,-4959.5758151142245,2.3231123629292476,0.6599304134704971,0.26375587765158515
160033,12,-5511.007070563551,0.0726051620829371,0.881768636615012,0.4395393499697373
160033,13,1209.8453103508928,0.35898038937363763,-0.03444633269055408,0.34455438405872796
160034,0,-4024.6469298379357,-3.0279785434406943,-1.3895981825522434,-0.6169920368512627
160034,1,-2827.478449700169,2.548727976342783,-0.025672959704783428,-0.41548124926468133
160034,2,4980.993638834055,0.7183750293221114,-0.9229988659106907,0.2295375495066475
160034,3,2574.2139470396696,-0.7957655136931869,-0.9668858052668284,-0.2419650816027245
160034,4,1458.484319973262,2.300451348822042,1.705581792842176,1.7013514439147994
160034,5,-1629.86095374315,0.18235051320206663,-0.7164521049806527,0.5808045484159735
160034,6,-4784.167309023996,2.260434456001219,-0.060910914507682504,0.521164203316185
160034,7,711.3510043195041,-1.3946094350670597,-1.1786909941191261,-0.6729604974565941
160034,8,4171.052743824483,2.837381497173463,-0.3647750664851584,-0.45539958001254066
160034,9,2411.0973528784516,-1.7628997748585382,0.19587662796632038,-0.6544816631170385
160034,10,-9513.292511095002,0.22303824169299036,0.7066956848093732,-0.153239436879042
160035,0,1392.4299722903982,-1.7046877489885282,0.11277036592231256,-0.8908082488779547
160035,1,-5299.910802529906,-1.1528825670581344,1.476541008360495,1.6368932439967439
160035,2,-8087.530952183565,-2.5985972840265568,-0.8051830834470599,0.7132140053888213
160035,3,6681.279346381884,-2.6867137251212494,0.3009181415747537,1.2126274502165102
160035,4,2091.295952755445,1.1050167319655833,-1.1760785856241678,-0.7757838167331415
160035,5,-1162.9750452321603,2.4359483347576125,-0.7117150167166902,-0.7560095216531053
160035,6,9898.731020231293,2.696412446616108,-0.5818878719153219,-1.2835805922364467
160035,7,-5323.489386984103,-0.6678145548732011,0.4417893150790451,0.4376925266495138
160036,0,6125.346471718688,-2.5643499235801137,0.08857349274922863,0.4716394892886929
160036,1,1425.0325859805787,1.9605346124111644,0.6155771585181204,0.2574224338582237
160036,2,-2520.494599796058,3.117961514912822,-0.13782487840331972,-0.024868954240469324
160036,3,-7089.742984734678,3.036106912574465,-0.220195759250204,0.44351709433223485
160036,4,1821.5799060027161,1.96906730079239,-0.27117704333257625,0.20861356821724858
160036,5,-4959.823029234362,1.510863715102876,0.10585030076265642,-0.23309777767756693
160036,6,-9122.295106921667,-3.1363157191645588,0.5091311650504922,0.5483432607005152
160036,7,5744.472173517709,0.5742990040021372,0.3588868368023814,-0.9623484351526741
160036,8,3514.4221142929473,-0.14347492860526367,0.18061676893802187,0.8704888509869942
160036,9,6014.915485998814,-1.8305866030496831,1.1560840459292645,0.04752854864760312
160036,10,-5723.628959288976,-0.45223523943494914,1.0274709933486739,0.2101462927606859
160036,11,3900.629030560775,1.136508521085073,0.9943718694777917,0.26471389385999344
160037,0,-4599.314580082161,1.6970296764930444,-0.024044954197879144,-0.2757874321186491
160037,1,-7299.926152137367,0.5103712428624956,0.14323152467535566,0.3165786126229273
160037,2,7074.906970432027,2.2932285867422344,-0.4079909362798606,0.989805070197719
160037,3,748.190871696474,2.13525149095533,1.234567658138558,0.9822522046985408
160037,4,3206.25415547387,-0.23997983984479676,-0.4129675485536948,0.956972848625402
160037,5,9261.170380134687,2.5798941811711575,1.503403422245138,0.6506556397129042
160037,6,7160.6628764319885,2.706738466875067,0.19741782327114488,-0.7156483887347124
160037,7,-6373.922971908902,-1.646229301286805,0.9107936788446899,-1.8724821928414035
160037,8,-5952.8469509521465,0.8799361029090784,1.0626699922681007,0.734380235559192
160037,9,-1206.0092937760123,2.6490668891802045,-0.5475744273323648,-0.9085014559953399
160038,0,7563.118116104395,-1.5655107892803242,1.1258701053828377,0.14352750657927335
160038,1,6412.191310584668,-2.092359736231643,-0.4011112964987067,-0.6013427697691779
160038,2,1317.6226342834912,2.355440412200694,-0.38563730696658066,-0.7438684440909944
160038,3,-1850.9602791925329,0.8951803804871457,0.40506099208802265,-0.287750806750826
160038,4,-7711.105323587161,0.274899586374564,-1.0253559728031676,-0.2866054696552245
160038,5,1661.7151766259176,-1.1161226775305537,-0.2248842595385953,0.7036470915241934
160038,6,824.7688715853831,-2.329152116693547,0.4819779843483264,-0.22677836229390116
160038,7,-1846.5951712825918,-0.8855799640902164,-0.26385957672868965,0.0602144106996326
160039,0,9547.368982683576,2.8558630884542,0.686612179459579,-0.5177226624832025
160039,1,-3059.1236225162443,2.426610582846493,-0.37298303404291777,-0.6668004608083997
160039,2,3893.059191135563,-2.7275338888122027,-0.8056374755233511,-0.1580760886750903
160039,3,-4290.8583425741335,-0.4573560151807645,0.9179797742825878,0.40223495387328123
160039,4,5369.31320228599,0.4259975731095169,1.4716895428600245,0.48829384402185616
160039,5,5235.872644807811,0.8156872443051015,0.7905373901109984,0.16716430413021233
160039,6,-3393.533039415422,0.15629406832028625,0.6377738540607979,0.25399473840720904
160039,7,3362.2077161727575,1.4789362092236047,0.12301963007245477,-0.6208457994686749
160039,8,-3084.8515371332956,-1.8821749663057297,-0.966205052635404,0.5060780528867905
160039,9,7843.687216077831,1.9842179168050729,0.5434502597154005,-0.8200773170631354
160039,10,432.220316335611,2.2478688923692856,-1.0203907733952549,1.0794457170118144
160039,11,3051.7893732956604,-1.4938148908453759,-0.12674339912767413,-0.2597112492714777
160040,0,-4497.96503802817,2.628297537024621,1.0192816580006192,0.36693791639762263
160040,1,-4597.285696202769,-2.482206914508164,-0.15444373635173542,1.0756621088552918
160040,2,1562.430413273252,-2.0298815705687976,-0.6463539927548839,0.6653295418212692
160040,3,-8373.163333986648,0.007996716113382263,0.19126296668056592,-0.6253528896402045
160041,0,-4822.700452252554,-1.3259536855860088,0.18830175816444533,0.7199275705360257
160041,1,-9653.636751604678,-0.44145897365127507,-0.05112910279163427,0.09460761387196738
160041,2,-769.5050805762554,0.6689621181839942,-1.244232886407635,-0.9615585812624288
160041,3,-452.5071307009117,3.089849782128053,0.6663516139122697,0.0016935957746753846
160041,4,-9983.156976899172,-0.15526410526266332,-0.25528746154763393,-0.1649909791551273
160041,5,-4976.740089398917,2.252303925839966,-0.3249116975089632,-0.3491365320831755
160041,6,4332.866391285357,-2.1336287695101825,-0.5691645479401596,-0.4132394556977442
160041,7,-3677.0129125346016,-2.990914266247558,0.06082174520981998,0.3933868183296181
160041,8,9630.102675048143,-2.1388274502342384,1.1460370885907876,-0.1496347915951936
160041,9,3107.3263330218447,2.9901216406669615,0.7529957884293413,1.0915150536701226
160041,10,6652.66365632604,-1.530811393710616,0.015208543269161915,0.03536057009548313
160042,0,-5117.658420323554,-2.7442397891325494,1.0788994929495854,0.6767821976369244
160042,1,-5454.697911840394,-2.2659225692242955,-0.5305842670072096,1.433229757533463
160042,2,-8647.5930570388,0.9951239645268917,0.3985419627542173,0.4482249479882826
160042,3,4931.346263113588,-1.7150797981198935,0.8360186693857782,1.8508738464992107
160042,4,6357.239799469186,-0.677256397036905,-0.4381830462635848,1.0159661808688603
160042,5,8992.618384939038,2.3621629260845864,-0.16761349374410275,-0.9615715508100374
160042,6,-5878.498309480536,-2.1007289250914387,0.4535384936640788,-1.1956511066407147
160043,0,-9766.7200970432,-2.467830956375809,-0.33111483568211275,0.44942031126416504
160043,1,-2938.128841865158,0.37087589489135464,0.9880448705209571,0.14651298447043049
160043,2,-6080.775000587734,2.000999212864598,0.47462552474158703,-0.4766507540080114
160044,0,-5566.739718804687,-1.7248343402175155,-0.3135514758963066,0.12113237938751494
160044,1,3530.4742453318854,0.38863204568914567,-0.5669931981952623,0.13717111324246634
160044,2,3241.74989667659,0.9069986213921659,0.2857086739061979,-0.886097174621996
160044,3,-1799.4190957390615,1.5152836505717078,0.00019124386228978765,0.28691873820777103
160044,4,-705.1411558330199,0.38005937766271547,-0.9487417017247882,0.11156441143703658
160044,5,4306.849451732819,-0.3648045050830473,1.0798915051770432,-0.09719569747373485
160044,6,-3350.061853442231,-0.5486455656074813,0.06751800448960646,0.12026045102028846
160044,7,-3366.0846627106384,2.6810694871356624,-0.5037042148732651,-0.47801186830128584
160044,8,-5930.306147933452,-2.406520480118773,-0.25847217311992876,-0.41415797879676064
160044,9,-7399.289079177775,1.573937350415962,0.11940693864831145,0.9063966620089374
160044,10,4852.0942063243665,0.9480527033824195,-0.0410564474206148,1.2790969359060123
160044,11,-3892.398530801709,-2.652782762580836,-0.527531655433099,-0.030672311927049757
160045,0,2796.4597327741208,-2.6555376541250606,0.3497218542787791,-0.18952617277292638
160045,1,-8146.952826577879,2.1110056395019035,0.5480636452513129,0.3791362412032223
160045,2,8906.505682530638,-1.2868411233916002,0.7383545929554534,-0.3994931990322227
160045,3,-1936.4506942646724,0.7856087689851998,0.4332332035292761,0.05810337674642721
160045,4,-9014.952094480992,-0.8626620652532018,-0.21620706267062664,-0.009759891957849716
160046,0,-9826.214125014352,2.127349479194404,0.10312986122212572,-0.2646517549553521
160046,1,-9248.65105539451,-2.6053450836219936,-0.6115617056301181,0.579434050158814
160046,2,8693.39872506242,-2.6277292681829563,-0.6527718137278602,-0.16340421813537392
160046,3,1729.1388022156589,-1.2854428075610516,-0.22170760395043482,0.28610042200033836
160046,4,8230.08228254825,-1.0049087145530238,-0.25388311976449923,0.3801278459745874
160046,5,6703.896549393722,-0.8430073180314426,0.5004422275032437,0.020047235529250813
160046,6,5024.104354449838,-2.9024045440942245,0.19647117364505556,0.5984812717590011
160046,7,9342.96807736551,-1.7673425145676886,1.2879180309409886,-0.6123475996079193
160046,8,-3670.84945682316,-1.525420516527003,-1.418443280987762,-0.08943111527944952
160046,9,7162.685134601848,0.5035610966913744,-0.44041818415178363,0.40525320204719006
160047,0,1843.3258748810417,1.1733513435232021,-0.8141096967309706,0.016018576117796862
160047,1,3978.843356823619,2.3126217399486926,-0.4422954304776635,-0.43507846096602154
160047,2,-5519.989341868503,0.9768480192127038,0.1130839610606106,0.4870251669455904
160047,3,-9448.586208396906,-0.6645526243502067,0.17765824462850635,-0.09246682933155576
160047,4,-3566.484582442634,-1.6251966811200251,1.0185163766495173,-1.8289776363868404
160047,5,-5075.060317171936,-3.10938001030361,-0.19707703846218094,0.5017595400647956
160047,6,-1103.918465836452,0.6234417727329649,0.35612264494655155,-0.30977095846863895
160047,7,5628.003888050221,1.0966477634130385,0.14441784553235887,0.7540022196938889
160047,8,5118.018781266629,-1.8042513234755058,0.2321039934015349,0.45235314796713905
160048,0,5232.643932349917,-1.2859648855306292,0.49964903832066987,-0.7687162103228228
160048,1,488.1106433451222,0.15415933055348452,0.6644983159669301,0.7586212827430274
160048,2,3378.0951535914137,-0.9176422769953265,-0.2355963082053747,0.32972649994637215
160048,3,-6436.798946805835,2.554431517044798,0.3872743930254551,-0.6157077725964878
160048,4,-9766.27132397999,2.5014930097422905,-0.23076614131844903,0.6138431140574816
160048,5,-2459.059709695323,-0.6982702356230992,0.30498325682635924,-0.8453242815295519
160048,6,361.9620502469927,-2.201837692595668,-0.0024023712627653593,-0.0272862239453362
160048,7,7728.405631326194,1.9441799290323178,0.6266423170426807,0.2205139336934981
160048,8,9943.141620409695,1.4106445482992536,0.2353690145758422,-0.6136742656921754
160049,0,9394.259783501884,-1.1488040073665822,0.8285566305233623,0.4279760460833303
160050,0,7678.974791999912,0.7922956884816181,1.139649237033245,-0.802056177915127
160050,1,-6879.86854714695,-2.8727267617190213,-0.38630025270594204,0.25616384640491235
160050,2,9157.44284511776,2.9648296278747512,-0.09187179369729771,0.11607490892902483
160050,3,-8876.680592908135,1.1947788729402848,-0.740943376893336,-1.6066989929459647
160050,4,-6219.9258351612225,3.103272132237964,0.29424168099078335,-0.3704924703380794
160050,5,-2814.1492747241996,2.6934314430155712,1.1424509129840927,-0.49439950293564705
160050,6,-2180.1361931740466,2.4158103842469805,0.26072040421229514,-0.2968148892762736
160050,7,4883.467995413253,2.3296412094515686,-0.3798103906237676,-0.6859401183454639
160051,0,-3955.0453780599423,-3.032504754465075,-0.408502768841695,-0.347476106919461
160051,1,-6429.495172294215,1.9235165885704717,-0.21966275705102203,-0.8123543549628758
160051,2,-3681.9569746569523,-0.5483279999926589,0.12111902041377345,-1.0290335873515102
160051,3,-9345.607886922291,0.3849360548710199,0.028327975889515848,-0.398298240682387
160051,4,-6658.788182018834,-1.9393795548810893,-0.7111998897576777,-0.7744183438498775
160051,5,-5238.809664121434,-0.7647121081595314,0.7714972271107704,0.12272400165299599
160051,6,-5510.912047512392,-0.937452053442748,-0.18854711791923898,-0.605449424711445
160051,7,7727.061554094599,-1.8534156888744833,-2.3433053072275327,-0.5373226760341366
160051,8,8981.63597094641,-0.3410673389357184,0.3000269570942694,-0.5587422766703403
160052,0,-7247.180213170113,-0.3562160379470405,-0.22460676621554632,-0.256198405025164
160052,1,5845.446194866604,-2.332092717802972,-0.4222946583081993,0.3588497423634739
160052,2,-8536.07225626679,-1.3246910274114831,-0.9775521223292691,0.6001023470130389
160052,3,6122.722326775114,-1.4398523998123018,-0.3554004961566704,1.2579253578675071
160052,4,1328.3821826017916,-2.8694453815202916,0.06032787030204901,-0.07057942288783475
160052,5,8150.872172750481,2.6935246892896094,0.010079283026490669,-0.010796840727453122
160052,6,-5036.569664817359,2.924606036843646,0.3082775305511716,1.225730270834994
160052,7,8311.111628378392,-1.786758310209618,0.42310249465643995,-1.2529567989727597
160052,8,-2172.880101284056,-2.410814096039602,0.1685706602812155,0.10990140929374449
160053,0,-1621.3120324827892,-1.7472843628554477,-0.5953302016160232,1.4643686519314676
160053,1,-2813.810038238383,0.49562957158745036,-0.6060673593564276,-1.644990366793289
160053,2,-7156.291636033674,0.41786044507375264,0.4228585863329253,0.4693094954445718
160053,3,4610.111320160121,0.5172307913667087,0.6204923624051508,-0.26647947409090955
160053,4,4405.463768306283,-3.0528946139708246,0.24975788526091197,-0.8427259556469624
160053,5,9218.227236142671,0.9001040385038106,-0.4932981669783827,-0.5362094619733825
160053,6,7708.715820889939,-1.7272956157198613,1.2368174398121816,0.11183918123676015
160053,7,425.04129065698373,0.8201955325991204,-0.7013821068190033,-0.07686267775701164
160053,8,-734.3778971348701,-0.140778822099485,-0.4111808617027456,0.7294143796856486
160053,9,3330.7162368110794,0.5239834263841541,-0.563555449445775,-0.06306477404240333
160053,10,-1947.2847288718642,-0.265712358009218,0.0005199427229090979,-0.8805300052906595
160053,11,7312.261467552045,3.1218696475815433,0.1522182394070921,-0.6710352945264583
160053,12,755.5652647534902,-2.4592659953039595,2.032755427109643,0.44067862663698487
160053,13,-8545.477776352334,-1.3865492014426615,0.9619453489858656,0.31857589346015946
160054,0,-7082.308667904437,-2.2668212315163445,-0.06981621189080836,-0.1966445035354079
160054,1,4341.72258458108,2.4041498325224664,0.8412131575296178,-0.47100938529284
160054,2,-516.6220253601614,-0.9092615554658261,0.18310320528329307,0.7792360612494497
160054,3,1551.067227050375,0.3734916016722387,-0.30555607351543557,0.9778802370719224
160054,4,9771.02418845983,-2.2521134894026127,-0.5547432365773425,0.7302663739643679
160054,5,9699.824205043447,-1.7952351536216309,1.3088803370544224,-0.5143037565798876
160054,6,-4627.32367460558,2.169259160591692,0.6129960322976775,0.30223014017457495
160054,7,5629.587079154738,1.9984963292852918,0.16535677435027996,-0.7754835599379302
160054,8,-725.1087325876681,0.29238475931998975,-0.09371422469652155,1.5448858038476567
160055,0,7560.56906844049,2.181235951510768,-0.3069443474952428,-1.4321563902022574
160055,1,-6676.689694862688,-1.5544682472349538,-0.4157639355763921,-0.42904593913111505
160055,2,4961.988346781802,-2.5705733997718494,1.3729579276341388,1.0700975181886212
160055,3,6843.789252861277,-2.4600198733123433,-0.05934885047023198,-0.6055114475200806
160055,4,-2403.97565998567,-0.6590433137439637,0.352523681166664,0.11363470753184096
160055,5,-1324.600568618884,1.914860121366842,-0.03337323136452658,-0.7395573704988891
160055,6,6259.919361235293,-1.589257640768391,-0.7553292856716829,-0.014075804568689208
160056,0,2831.6745380694697,-0.21338227802950094,0.787721543704533,0.7556784616898364
160056,1,-1365.9193489964778,-0.520047622839646,-0.6820897027240671,0.045358715776105146
160056,2,-3226.429509772075,0.31347222963485954,0.16128291073625178,-0.254661269165787
160056,3,630.5034479080912,-1.6972955546436077,-0.3656233660516886,-0.7309219816225951
160056,4,-4089.8540902665595,0.7302252384749623,-0.13968861457214726,1.4247002165185862
160056,5,4496.2830747355165,-2.871392106703929,-0.9159556123651146,-0.052955917559685484
160056,6,-5037.89248590034,-0.20590822677989307,-0.8242446217217894,0.4386237842999344
160056,7,6553.870848403342,-0.3653870414869056,-0.4079484857844278,0.1663142469413696
160057,0,-3593.5302200621522,1.7450847197322021,0.6430359385695419,-0.23217756473032683
160057,1,-5956.016849941801,-1.7007055546176955,0.13358752944292282,-0.6534004937866018
160057,2,8245.756981481818,0.9647104576898533,-0.2699891374023079,-1.0278776177739206
160057,3,4445.26430971495,-2.7107709556116375,0.4182261005262313,-0.1851899742628822
160057,4,-630.0172373477454,0.8676310494634523,0.7265120559689611,-0.9482530776165794
160057,5,1680.522274815862,1.521944496197218,0.43101102690349796,0.16823638081517267
160057,6,3782.906949355701,-0.3076300224682016,0.5017922099494722,-0.09713190164680749
160057,7,-7445.792783314296,0.23061638469274737,-0.5583393420649778,0.726874040925811
160057,8,5084.709268230354,1.0130960827047728,0.3980288956718597,-0.4770235489560158
160057,9,-9638.977423873455,3.002394483297241,-0.2956715663896608,-0.739365274802907
160058,0,-2363.5118345514725,0.3124179518710881,0.9148317704812358,-1.027707228496855
160058,1,4413.433731197711,1.8362568435072077,-0.24850316893688723,-0.6091147635252399
160058,2,-2519.587099836286,-1.3121379524476808,-1.4193491296694911,-1.153728873675846
160058,3,-8986.228603684673,-1.0647714662709,-0.5636841946590809,-0.43893179277089156
160058,4,-9509.297790798604,-2.4296695987770978,-0.5390063254036306,-0.7536744832969475
160058,5,3446.837781367459,1.5547823643812375,-1.5763156690117048,-0.18325387859768677
160058,6,-8002.0715531129,-0.27601402797875263,0.11282933499153455,-0.5625767901304908
160059,0,7498.558124965139,-2.0804608994259697,-0.22920139302413634,0.7320270978469594
160059,1,-3998.3893950679376,-2.0251198565415764,0.9349100294661762,-0.7306771067131002
160059,2,9544.32518629923,1.423374667042947,-0.6687486475161093,1.6286679767054413
160059,3,-2451.954918217684,-2.533227350642015,0.9498659679937091,0.07322482955765651
160059,4,3846.035401051039,-2.815833065501738,0.02070113481185443,-1.464474121500051
160059,5,3810.208414049739,2.190763836491758,1.5297115321309458,0.058702591427968305
160059,6,-2130.384870621508,0.601714349528792,-0.51804951284587,0.22946622937325611
160059,7,3298.496868773144,2.8518425535491483,-1.0078482909626205,0.6479228741510243
160059,8,8985.985395653193,0.9109156363346838,0.16335495456202154,-0.06669481143720773
160059,9,-4852.9937352224815,-2.399494064770228,0.5525715552751985,0.5606389914521444
160059,10,5691.869967592212,1.962371492221532,-0.5443349413265547,0.4723640266200318
160059,11,1019.979876649781,-0.8904498004874322,-0.07168912721283308,0.42945058752862414
160059,12,-4968.868499992275,1.9210144316373619,-0.5131445444123766,0.6858533381516475
160059,13,8845.392640388249,0.5087589557704035,-0.4320585159226059,0.043217913222801066
160059,14,-6803.220250350107,-1.5933674289355695,0.3345195660003047,0.1943937852158394
160060,0,7995.479847529422,-1.1373809825339225,0.201609243534992,0.7055507860842161
160060,1,6348.85455737902,-1.3533747847105124,0.3343042466219831,0.6494325402561658
160060,2,4608.405251195602,0.36494914248739896,0.2143654553650173,-0.02060722233452882
160060,3,-616.7310686544113,-1.7380330203888823,-0.9723923601061446,0.09057962666315185
160060,4,9835.523405027485,-0.03741855857160914,-0.2952362425932399,-0.5736762241986055
160060,5,3919.98749349205,2.26937543998815,1.024522234531656,-0.2922703812967675
160060,6,-1678.4759477277657,0.6108028951934994,-0.5160989716780218,-1.5948521869798435
160060,7,-7004.091595770037,1.553261489009497,1.0303603232326495,0.06558761392045867
160060,8,6690.854038632373,-0.9889148231267648,-0.5602912282731738,-0.6189691596646335
160060,9,4798.827740839169,-2.635903098946212,0.6602238957907518,0.7209545069834533
160060,10,3987.4705349737856,0.021842443947952095,-0.19382915972628767,-0.25975120314471645
160060,11,-7517.019329634413,-2.6960030163380817,0.8479655156017589,0.7317842093502349
160061,0,6212.444929157254,2.070984302178669,-0.2999850280582763,-0.1588284357547801
160061,1,-6347.26765556968,-1.0658355825014199,0.9147307157672634,-0.1920638053496725
160061,2,1657.012696057925,0.37651745921071367,-0.016017291279582915,-0.5185753783791796
160061,3,2557.896819803469,0.4607155060222947,-0.26167141374213226,-1.1425001437340396
160061,4,1513.2181415211396,-0.7526378701899046,0.9792156168719811,0.02699524620107347
160061,5,-5629.518147728283,2.883372456046299,-0.48205990047854314,0.045537704469217996
160061,6,-7284.805447131612,-0.1297947486378166,1.5613678883372917,0.5520745617576113
160061,7,-7339.713196088546,-1.1336436068571278,-0.04519944356480145,0.6179164199107074
160061,8,4245.380467682469,-1.2287695037904116,0.24869224784559146,-0.5772339767101575
160062,0,-459.29739067104254,-1.5407895626564716,-0.5016547307369519,-0.7218121848603435
160062,1,-9979.07574326523,2.805622083114778,0.7324106013824192,0.13076535532857272
160062,2,-6707.54978329059,-0.6511402855177724,-1.0086726679613975,-0.027241752164771774
160062,3,-4464.528420652278,1.234655768741363,-0.8649774900559757,1.0704340600079876
160062,4,-6394.213333804666,-3.110779998695023,1.43627843088044,-1.206763317626862
160062,5,2636.5776462474364,2.5009661582204252,0.4192924999082982,0.46451264619975685
160062,6,-503.5953886284038,0.14868404468731455,-0.3593330648853309,1.2684203817599402
160062,7,-6777.0432213522545,-0.8353670329633816,-0.5727578193207155,1.145071540593888
160062,8,-5546.753537259666,-2.5360927786234297,-0.2599357862851603,-0.6609607761045443
160062,9,-1657.0287298608985,-1.3710731210336777,1.3269942388956018,-0.9233757408488223
160062,10,6252.043957834452,2.2965787506069164,-0.649249631909701,-0.23604044595848495
160062,11,9949.649426997887,0.735482507925092,0.23457561474656174,0.7334322350172064
160063,0,-4614.81950018244,-0.9197458525384281,-0.02985293950291647,-0.8521662224194384
160063,1,-9895.277542546608,1.0024179429836995,-0.7172970277040701,0.38671060790388534
160063,2,6454.8951364321165,-2.5919745435772956,0.32182028755034614,1.7845530643563854
160063,3,-1255.6263565301665,2.4104675708452765,-0.18557737088093662,-0.5649441191971349
160063,4,5162.023475482888,-2.8228432675676123,0.9011759642284792,0.05761888350703004
160063,5,2421.7751461408834,2.166944785987603,-0.2550874912737568,-0.27296960900134826
160063,6,-9282.099544964558,0.24577633164661794,-0.09911529700366685,0.9445740616574589
160063,7,-993.4885369002061,-0.35359199126193763,-0.024072353254719753,-0.5360534306822761
160063,8,3694.8245890755975,1.4693352043369554,-0.8545365733913545,0.641922862422347
160063,9,2254.8840972682,-0.8861227116224466,-1.3475244137403986,0.7948648266107785
160063,10,6834.772585814842,-1.7522005190247008,0.49194690160557375,1.0280267303153556
160064,0,-9447.591120610634,-0.8668477945536006,-0.8825299845099697,-0.2412512139046532
160064,1,2350.5931131833086,0.16998465734405022,-0.08964612189184819,-0.07043783980571705
160064,2,-9349.629295653547,-1.04823520780482,-0.6867590677587035,0.7077252272066132
160064,3,-7548.951020564325,0.38913122753990637,-0.3196145154675527,-0.4206923107217864
160064,4,6392.6191386150485,-3.1259102994888766,0.09388054802022296,1.212989860941216
160064,5,5076.431455331341,0.8173936813994147,0.3575869935202771,0.7954177403210652
160064,6,-783.8368523975764,-1.0862929288103342,0.14251420150462538,-0.7935541860505244
160064,7,-8180.250684744534,-2.3638514947371037,-0.4964765345324212,-0.6313556823465473
160064,8,-2245.5180296815515,-1.69636874150536,-0.5176530364687891,1.0973515258224005
160064,9,7096.717406518412,-1.6833822348217766,-0.6295989382829987,-0.20957194913557245
160065,0,-7229.32316465171,-1.285606883817553,0.5986851575721032,-0.5806981024126248
160065,1,-7250.588993242826,1.7686090626871618,-0.2061717520564982,0.4463593750778859
160065,2,-4951.990311538827,-0.06860615796189684,0.7111619938499589,-0.5889754782819138
160065,3,-8236.681035823793,2.060591686639996,0.3822737778957823,-0.11018956147642878
160065,4,-5040.4603072836735,0.7980066084722419,-0.35585532432983663,-0.8957978220178124
160065,5,-4805.436696007198,0.6815043373403302,0.27075889581963386,0.3932157948904387
160065,6,4998.347609544334,-0.45242891461382895,-0.8393797435373038,1.3098368897608093
160065,7,-9889.393711343193,1.2883272260074197,-0.4226088761862127,0.9226403102024979
160066,0,6959.2414248591385,2.0914146958416557,0.7752761911477367,-0.21801201785160618
160066,1,-1069.7236874710995,2.61421668092704,-0.1322085450191303,-0.7990361213473023
160066,2,7888.256436727308,-1.0801905816110566,0.014025950304532585,0.052690908968486334
160066,3,4509.704245495003,-0.727621523928613,0.5079945713210556,0.4568529616713961
160066,4,1258.785458762332,2.5196996872510633,-0.8510720228940715,0.4307378267815638
160067,0,-1670.697324626364,2.4667495623288644,0.22788589744461207,-0.11876591210592272
160067,1,-4222.214257527185,-2.515032193784895,1.0403527080134385,-0.09865638402044988
160067,2,1517.401030806569,2.3568825360994756,-0.5460197297047507,-0.3425024749513367
160067,3,1295.864855583046,-1.1482075717147149,1.4126886757043828,0.144507543068375
160067,4,-3009.6708306042206,1.162756885478455,0.3776240677663465,-0.361892742571846
160067,5,-799.7816515511399,1.9263096563470627,-0.49506181248574654,0.3588800013423304
160067,6,3871.445610785708,3.0151932866174107,-0.9114407860113248,0.3995715026524201
160067,7,317.42968345763114,1.1488137812567798,-0.22872764202904927,0.09313834052996825
160067,8,-9912.161155468315,-2.227903614663054,0.30293560241610257,-0.10044242170531538
160068,0,6370.599581451472,2.26120618895054,-0.21893483776720601,-0.18458631873196868
160068,1,-3111.6224322682506,2.129820589117614,1.0526061117603502,-0.7285292659679038
160068,2,2570.597191665346,-1.3551469119999937,0.40205619809891924,0.3022206944371245
160068,3,-1408.5408301188622,-0.5903257419517298,-0.15973487111937124,-0.7598681005010848
160068,4,9063.347104253524,1.4306375730628575,-1.0797446939933693,-0.48124959134577683
160068,5,7263.754612473088,-0.3406299486831901,-0.8578100908106594,-0.11455426899796546
160068,6,-8771.63758566606,-0.5907111303618544,1.6076597549185838,0.021980302053318933
160068,7,2665.051184051115,-2.8395853160888085,-0.7703547545036797,-1.4017026427834347
160068,8,-8410.330133176978,-2.6836164896307575,0.6846073848386159,0.6181336839016922
160068,9,-5383.766042747412,-0.16591493721527462,0.27651321813095175,-0.3313194888467551
160068,10,6913.367584570952,-0.9442507727483438,-0.22385621199748124,-0.9338434213108109
160068,11,3913.539834553934,-2.629945394221636,0.7494926455761513,0.3733663309104055
160068,12,2430.668896125845,-3.053385894309913,-0.24701663078722294,0.25787235859864366
160069,0,332.0572641456261,-1.7996538837111713,0.4274350801707333,-0.1693657102020084
160069,1,4551.093575547976,-0.07459184640621297,-0.35594214005478697,0.4360451890425372
160069,2,3190.642471984489,2.840847851404477,-0.6106054842830341,1.513113517529263
160069,3,-3076.175595590521,-0.7868046021591635,-0.30001257500040557,-0.6641198132602991
160069,4,-7490.591867607246,-0.3195813936883356,-0.13142696251701014,-0.5719524455282521
160069,5,7194.010274195492,1.9309191843180722,-0.37476638667427126,-0.16489548756607122
160069,6,507.560719464581,-1.5776706058148335,-0.08249579250220847,-0.6736034862254112
160069,7,9763.16219849073,0.2838372418257933,0.5345622799910406,0.47940041854928417
160069,8,-4207.629876410574,0.6248692051657745,1.221270152703434,-0.1631840502976718
160070,0,-7731.932532728703,-0.09232133083461802,1.0145072766233338,-0.6084754318558856
160070,1,6105.729615656121,2.725323257175443,1.6504014296895726,-0.34177194954138923
160070,2,-6312.586847817193,-0.8282347686700695,1.1137448652277557,-0.052180783778640105
160070,3,-2930.5798183899583,-2.021054171152576,1.6452823604895788,-1.6605497638761144
160070,4,4669.28341140676,-2.490213935728457,-0.38554699132390724,0.5209424886903959
160070,5,-3707.8668512863437,0.4411169175249148,0.37012766016012894,-0.8106265659889599
160070,6,9904.748450626763,2.370831095566804,-0.023403320141437638,0.5077096188976091
160070,7,-6186.253764840307,-0.7199394543069766,0.32953194025437454,0.40542506011378043
160070,8,-6248.614463740903,-2.257538552285651,-0.1375191523957739,0.14163986124208722
160070,9,3233.174543780322,0.3630431014570594,0.021511359448066206,0.11788745313222611
160070,10,-5847.942793017397,-0.14808624715992424,0.608117722679475,-1.3951864418790736
160071,0,-6779.557212173817,0.11244076444600992,-0.9784863952301626,1.0718683223970942
160071,1,6022.35896459362,-2.5464028212503678,-0.7190530786031999,0.3588526349660067
160071,2,-8066.2066277541735,-2.9156080570953753,-1.0244235536470567,0.30658577526520925
160071,3,-7868.591183454173,2.742402620510152,0.1901819398065679,0.8385043732358026
160071,4,9347.333041854356,0.3221008716291327,-0.37786036497636044,-0.17308702771347165
160071,5,-9636.21952161954,0.9592900708512939,0.27999158709894717,0.9885923723828053
160071,6,8810.898522470445,-2.2035776218144187,-0.15296327501938567,0.018523816532764442
160071,7,-1405.4234663864925,-1.0021524306784637,-0.3607354449153784,1.0642006392064514
160071,8,7500.6551793141225,2.9996212044080552,-0.3294204663404269,0.6842778692981291
160071,9,-2308.455749946189,-2.887003502190474,-0.2755823740676935,-0.6894196136120783
160072,0,-3465.6125521350664,2.2868790110626556,0.32512191882797864,1.6949508851497601
160072,1,6253.53796651385,0.2306268187454088,0.4170767642905327,0.25319061793644826
160072,2,-7970.481885342339,2.173631054337836,0.8998779052953834,-0.25677577353450715
160072,3,8844.062302372766,0.7189180551577454,1.4392163333558656,0.16968826467381337
160072,4,-7722.87121913493,2.5978503655209275,0.06827234734088386,0.007649309751758208
160072,5,3360.573188348997,2.3251578702924833,-0.658408659993841,-0.10721238526294859
160072,6,7604.771330367536,0.38929721051625865,1.2332633302530944,0.15378734872109973
160072,7,-2012.3591642758718,-0.07239168535888307,0.1714400747027394,0.03495934125912141
160072,8,-315.6413815964365,1.7165554104140472,-0.4485893761801339,-0.47998960304931654
160072,9,-2022.0475935799714,-2.7456019227506108,-0.979253010726382,0.07309410242691322
160072,10,7644.0368707461075,-2.0606641825756142,0.9073002063025669,-0.1355134010870911
160072,11,-5059.342368002553,-0.0052476154131602115,0.697991566028112,-0.25301380146197955
160072,12,4736.224795969356,-1.261818289921858,-0.262425305685575,0.06664694917397776
160072,13,3176.7539805944834,0.7966037130952905,1.782212719529252,0.36516080238502485
160072,14,-816.310648800605,0.465540609142467,0.48222562206101177,0.020573088647770507
160073,0,5906.343793142478,1.282009916351707,-1.209677629284428,-0.06663353159728726
160073,1,3432.119133373922,3.0712980479843504,0.14167328272683902,0.3100600343960511
160073,2,-5586.5537184669865,-0.8864432761160357,-1.0115188766283423,-1.0265582241260116
160073,3,-3202.2658705689964,-2.6276331611379216,0.6289476407156106,-0.09803918114224586
160073,4,438.8854266695565,1.8290220281304688,0.5889211181248727,-1.1028853850695706
160073,5,-8122.17452543152,2.5233163621618004,-0.7721861236397723,0.5578282243639205
160073,6,-9133.932521455272,1.5875872372883117,-0.5350602530371059,-0.6836397653230245
160073,7,8873.645369290314,-2.620845817204184,0.2236561303133794,0.7046607306868952
160074,0,5457.619456311538,1.7184584166894572,0.7362702387532425,0.21592686255738824
160074,1,4288.599711842607,-2.9979257271339317,-0.20745148449287534,0.6358698556167923
160074,2,3640.9427345419313,0.17112643403194205,0.4909166768195912,-0.6896307815708611
160074,3,-7561.823218940837,-3.026050840363976,-1.377678213398589,0.22482532996549337
160074,4,-7360.788811270784,2.187534314969443,-0.3636095892504013,-0.8646428040349889
160074,5,-1541.891940215077,1.1418838364468504,-0.8810112214916881,-0.33766853871932967
160074,6,6139.422710737925,-1.7669799041060459,0.15364072705375023,-0.35193818405420774
160074,7,6906.333950662254,-1.6365608280273194,-1.0868612309189425,1.5066557089271104
160074,8,-9390.910052121802,0.6375054525178339,0.31811829019206916,0.3289031025359822
160074,9,-1912.674276342974,2.235355071005382,-0.1265560407173574,0.7760931314208218
160074,10,-4149.550368314778,1.6000205959877025,0.9118718835703664,0.5368567916844732
160075,0,2625.825268014687,0.4966098388455653,0.016896989692086917,0.2702617322783414
160075,1,8053.783359676526,-0.8959481078521119,0.016600695545777287,-0.6817432257219409
160075,2,-3413.4070640439877,-0.646993795221849,0.7217966729096108,-0.663766053626611
160075,3,3267.900243051027,2.973325083870397,-0.045457319569007455,-0.6096076306900471
160075,4,-1390.140729958289,-1.5110087010741182,-0.658087129906605,-0.9546844574988576
160075,5,-591.2652509862464,-3.073260309283188,1.5294863118584037,0.2845501706767053
160075,6,3571.6375520995934,2.1989566555316316,-0.1586139995625711,-0.24218836740161656
160075,7,-7795.54700727346,3.0593297039903398,1.4033559182968616,-0.46746595502480914
160075,8,4763.490054965991,0.5902229136594066,0.37611227220708293,-0.014136929073805454
160075,9,-4467.465169889284,0.11449328738374298,0.2699767661497844,0.8770341181583396
160076,0,-9801.701235665474,1.8450999108142332,-0.24979723447572655,0.2841900823732487
160076,1,5371.435371630263,-2.9705312121949135,0.9101367391454632,-0.508855907715325
160076,2,-6061.533663094564,-2.723214739899979,-0.14759623074416325,0.3155827849064885
160076,3,-5326.705404413944,1.6352972202274616,-0.17792170208601846,0.6047598576135832
160076,4,-6557.021289518262,-0.360343775903023,0.2817033171696972,-1.0379406245147877
160076,5,-6733.750559881133,1.7950032436263008,0.8646639369830125,0.4866640293348442
160076,6,3883.4802972744915,-3.0925142246817323,-0.3626729093066759,-0.6807968257860326
160076,7,6353.301138025541,-1.648639703093702,0.34728881920052557,0.15768632146435838
160076,8,4635.665698306636,-0.49474089157085244,-0.26664147673038596,-0.8772540459529363
160076,9,5145.256119691975,0.23051453765502306,-1.2441141794140518,0.605018633356378
160076,10,3976.6121140108576,-1.8916544081074493,0.038385548436793246,0.08176071354387829
160077,0,1902.0443824805784,-0.8805495743348724,0.015595760245923598,-0.5856311441443698
160077,1,6556.962497222669,-0.3739125402087997,0.24859902576156717,-0.17287813247694617
160077,2,1544.1886072586615,-1.4712824513480764,0.45814893528250944,0.20200246610933006
160077,3,-7309.036430443116,0.512144185546092,0.3798427387474004,0.6646070936334401
160077,4,-3013.646468549923,-2.297325841661064,0.3409019725931016,0.15359289671191145
160077,5,-4460.090524288732,2.0198157328745046,-0.3507783701322796,-0.8440547617907843
160077,6,-4065.732865939046,-1.1392743077602479,-0.7601148478363366,0.0583254654242088
160077,7,-4699.142443798502,-0.12608088792508054,-0.9014394489200648,0.6879310059740069
160077,8,-3500.081329232615,-0.7921551494279373,1.1617087436292513,-0.42148211422232895
160077,9,-8386.894849749184,-1.3255048482740242,0.8833299275096294,-0.9811243651715877
160078,0,3716.461476888686,1.2215493063586589,-0.057014110610758846,-0.2397054215291309
160078,1,4880.7413771086985,1.966697877792825,1.1937114526880597,0.13761533714929358
160078,2,5745.466138421428,2.5190044293925977,0.7127892557923983,0.5115224371286962
160078,3,8953.310462252819,1.968762059853999,-0.2935823896586414,1.109545254140115
160079,0,2412.2941298487917,2.569122187802825,1.1097655754136464,0.4605810321595397
160079,1,-1446.7671096627435,-1.1874666980361377,0.33588669251209785,0.2625500574932439
160079,2,-824.5604723143343,0.44054430190208294,-1.0205395407740534,0.20467271899169465
160079,3,9139.084954894312,-2.663903175937811,0.5360089776246613,0.14274697213432014
160079,4,8985.7359631966,1.3433358342822421,-0.13463944214932566,0.181525355105018
160079,5,7405.482788172929,-2.604522134395822,0.2840019496157617,0.07798837115930086
160079,6,-1858.1794864232927,-0.01257698784267669,-1.027562503096108,-0.33739982494941234
160080,0,-1498.7031829960522,1.36049138188341,0.278090687681599,-0.2708432353957876
160080,1,9732.305381034781,1.6638477659833137,0.41572992789358154,-0.31900992949566653
160080,2,-1147.1811467503137,-0.3863428211642801,0.2857792093734567,0.16909624668987938
160080,3,3077.333817997876,-2.882280515058781,1.2083711916202042,0.5206468430113652
160080,4,-8452.164745366419,-2.592925476422181,0.25410922997905105,-0.10500032624657997
160080,5,-2038.0536754171649,-1.879846553390681,0.1368048573966701,0.34024312653856864
160080,6,5569.870791530182,-1.5689330526522824,0.12824168319239393,0.8905842243193922
160080,7,-5059.001495305477,-0.7042847212378396,-1.431984310086976,-0.1683052185636195
160081,0,-9912.62669035626,2.6162546187584956,0.2700467192614653,0.40947327412381096
160081,1,-6444.317548756645,2.5055066294958994,-0.0011890281605568985,-0.1074914117419253
160081,2,9338.20994930213,1.3830567637270317,-1.0464590124768303,-0.3867694957826334
160081,3,-2679.4721048047068,-1.6253882621651865,-0.4255740305683589,-0.08152086653324185
160081,4,6122.876787380221,-1.2699653116490055,-0.5581997073347031,-0.8582246884108665
160081,5,-9152.874379278352,-2.337570264378759,1.2564603302987156,-0.4380988485951401
160081,6,9094.689869972095,-0.4410357752839489,0.4685914589142573,0.48170080568234164
160081,7,-5606.339728062616,-2.859068516040715,-0.74840520198739,0.5476525358090514
160081,8,-1558.1164830005378,0.22170805533209048,-0.3699359546901555,-1.2761434090727022
160081,9,9206.09508335941,-1.9062813738049822,0.8900821348628236,0.1171442634212212
160081,10,2615.5980578549206,1.5188703119862765,-0.38341020576966023,-0.10528808486262317
160081,11,-3090.8707593591744,-0.06387796628429143,0.10411140612981203,0.4592061040634897
160081,12,-4043.8488598634285,1.260437150639408,-0.7798768907999531,-0.18332740313726814
160081,13,-9668.26381664916,1.7289655347143347,-0.18452827683764786,1.0175490264064688
160081,14,-8117.8416129732295,0.5679766216651307,0.3872291849365988,0.5991920450406111
160081,15,-6356.021961920782,-0.8399159691548288,0.20741173388326734,-0.5456922435030448
160081,16,9918.550846724462,-1.3531125993343958,-1.3255220257723774,-0.6050644885610034
160081,17,-9769.457044099185,0.036881835389334316,0.9518895189222644,0.46806560760558874
160081,18,9679.66486680974,-2.8406114226208454,0.816291917884331,-0.5619394706720326
160082,0,4955.217065193541,0.3942512742144695,0.7557908074459543,-0.6246463771679902
160082,1,-7005.591404209378,-2.8164856587583866,0.5492244111754511,-0.9696974594691263
160082,2,-6028.616160668062,0.9559142274469421,-0.18209587800777818,-0.6757490787626537
160082,3,-6770.741171815889,0.22382320142682754,-0.4236872258257286,-0.45491036538687035
160082,4,-2533.7766712705657,-1.508190732550897,-0.12744364097600566,-0.27686919794302844
160082,5,7581.876692916081,2.7175491847872246,-0.1727868077287882,-0.36359261358355355
160082,6,-8036.754117909388,-2.3782055472567003,-0.6637115759464572,-0.2358212472775164
160082,7,-8141.537052724508,2.8712791480722943,1.3624084136124668,-0.37998426745486846
160082,8,-8142.884869466518,0.29543719165853277,-0.33943262164214005,-0.06399446787032688
160082,9,-8663.260982787557,2.9644181886429957,0.46575296594382853,-0.5147517998456599
160082,10,6037.8937421513965,1.631492129314795,0.49764708720779544,0.3726247205536837
160082,11,9116.546883224366,-2.65571889842023,0.3333316687677678,0.683794011796856
160082,12,8151.327627920749,1.5893207782181547,-0.19872965986183894,-0.975685984355693
160083,0,7032.87855200464,-0.9273518551622519,0.42732452877049965,-1.286116626152694
160083,1,-6141.885390792045,-0.18747223982978634,-0.3618611860446757,-0.2753807294874221
160083,2,-8683.704667911275,-2.031180989627062,0.1955455927459634,-0.8785738525417515
160083,3,3739.662852536359,0.8159105669764077,-0.5425786137870532,-0.06706536339913159
160083,4,-5825.507918019032,-2.2224545824440627,1.2818841894181356,-0.34948803789762894
160083,5,-9342.133906408175,2.9573395941732183,-0.4231733339180217,0.4944818701893266
160083,6,743.1621084972525,-0.8971717620276936,0.20314656534804812,-0.08941792382385827
160083,7,5767.411211359431,1.3645918154138448,1.1302563860675083,-0.08306322151160844
160084,0,-4642.377812022777,0.6395352511064334,0.6403424814989415,-0.30324369580917643
160084,1,3303.172432124073,0.18456062225228775,-0.761067219159085,0.559980675157324
160084,2,-2705.0279408276356,-0.13774925441065955,1.0664341169567475,0.6267293193565363
160084,3,1815.9146236456297,0.23309057485645734,-0.5429844850337763,-1.2554915903642707
160084,4,-7661.925167486292,-2.8093888351747265,0.02877311494884874,0.6915332659505498
160084,5,-9170.020939906392,-0.923318561111973,-0.20706204076910623,0.28870421903034127
160084,6,-5010.233617009935,0.07220970144354588,-0.40322298097328885,-0.18722180861119753
160084,7,-1710.7927686322291,1.1493598189064054,0.2622452035156093,-0.2651390959833202
160084,8,1984.7728818304533,-0.22642695577129457,0.06813307323397487,-0.34583706532777053
160084,9,7495.998146746296,2.8808326623343925,0.44868559674782227,-0.9444739475780426
160084,10,-7011.542201449833,-0.6636509325596114,-1.056383227411264,0.24777020436287267
160085,0,8694.964662015884,-2.4039482423102028,0.4739782094948082,-1.3483288966370837
160085,1,-8855.52083503797,-1.13334513535401,0.6566676022185509,0.12998625609544145
160085,2,-1445.1556969449414,1.5078314466759135,0.3568491659278874,0.0792863024747633
160085,3,9778.920809071986,-2.1673531993100816,-0.2817538859640173,0.8236444296102118
160086,0,1930.3812917771272,0.18077314528811117,0.9247116978835168,-1.4705432712094062
160086,1,-5257.685991179025,-2.13259797573521,-0.14309826162843597,0.3904189546575284
160086,2,-8607.199863954897,2.239986776855874,1.1870963579533658,-0.10606230280121905
160086,3,-2542.374017970211,-0.5885639281055313,-0.41564746457210694,1.0105448643577504
160086,4,7171.287877515287,-1.9951304349716563,-0.2083902756262939,0.632841851006611
160086,5,-2342.4369767483113,-2.510279092107122,0.34862465824476785,-0.429682239419003
160086,6,-3781.02844424155,3.0678425327772914,0.3197624187232731,0.2434667051875114
160086,7,4820.476164874721,0.012914979324120335,-0.36659343946008827,0.8810492951593705
160086,8,1265.448228588112,2.5452554598148893,0.2619919297119545,0.19997131905627363
160086,9,-9101.844089258988,-0.41148309750537626,0.35709963815170476,0.2262821792865886
160086,10,-5037.311412726611,1.552429666977285,-0.3467155632434028,0.766844981781345
160087,0,9007.786873549085,1.5599933124984942,-1.1443918438490521,0.04043221123192497
160087,1,7770.749993911419,-0.5089853908455484,0.4302788659738277,-0.37263182717913185
160087,2,8379.058200518888,2.6487353391712674,0.8966258386983008,0.4491851876516078
160087,3,5236.074084855531,0.7283248689530075,-1.7152900489481127,1.691438445037327
160087,4,-1152.9469778683322,-1.3841293687501828,0.22197880547932128,0.19460893768725795
160087,5,-7257.072443670005,3.116059927631677,0.9066887024922872,-0.2146716120615824
160087,6,6873.565700916648,-1.0171668474179612,0.35964011805147345,0.10770411905773558
160087,7,2486.6144995482496,1.8388825681726217,0.4876917033752557,0.7624049369879741
160087,8,7419.333463407272,-0.3029264275299606,0.20988715464598073,1.325397081736329
160088,0,7056.658944083794,0.736332267157974,0.777413345270479,-0.5132855993330138
160088,1,-1581.0691012485559,-0.19060633952647477,-0.8075959661374774,0.8092932135464618
160088,2,5925.051619554434,-2.802795366517436,-0.4820838877004484,-0.3783364992191372
160088,3,3548.1885733012336,2.7443509346370973,-0.7388068653057507,0.5547109590203501
160088,4,-5662.910250415837,0.6512338077830617,-0.585702037761865,1.5573133202258749
160088,5,-5002.098747096942,2.8575535439332533,0.18759424674315767,-0.09440903719067625
160088,6,-1910.906081545478,-2.968728561129584,-0.10707053643111276,0.265844726822275
160088,7,-9431.20809727438,1.757508654225532,-1.9741393296534309,-1.306809137824105
160088,8,-5190.545545679706,1.706276988105504,0.056218142766519416,-0.11771552861712453
160088,9,-8817.77699022928,-0.17152874553094888,0.1348655580642551,-0.2558822836102376
160089,0,-693.588269783769,-1.4381573253116802,-0.22621949831251212,-0.48924465365264325
160089,1,-9589.336471943578,2.0392831057584857,0.2662557487206283,0.037840457683261906
160089,2,762.2679022601441,-3.0912600453053134,-0.12372893214560368,-0.4829568280400306
160089,3,-7076.185672996208,1.1844279524555974,-0.36751974582561164,-0.3801543852832648
160089,4,4774.751259951504,-3.011243651555733,-0.013392258949475148,-0.4465510483219025
160089,5,9860.597856430248,2.927119116144354,0.3077440777485989,-0.4526426620314259
160089,6,1802.9422157297167,-1.9164886750592742,-0.7342083779367223,-0.27185674593208514
160089,7,7542.639736297223,2.1609110433133463,0.854265281530673,-0.15894152821804436
160089,8,-8219.3308958747,-2.599483040179171,-0.5232735302225268,0.43002381693030045
160089,9,-8067.816480584151,1.0030102622506192,-0.012292282647145924,0.11059564116175216
160089,10,7287.209736921443,1.8021039488995054,0.1556443851415812,0.5658741369110494
160090,0,816.8828938735302,2.180336766489823,-0.02991527118131589,0.7362425880678656
160090,1,-5920.445439034962,2.0876020635320645,-1.1615570954359438,0.5733165654967698
160090,2,-1269.00618215823,-1.5052340647119555,0.2485083703825791,0.6210486849625303
160090,3,-4768.668600981205,3.0195297312414864,1.5322707638999336,0.9652163473738975
160090,4,340.6882240055556,2.3357579649522258,-0.3674140659046277,0.13521083181120802
160090,5,-6363.671002574629,-2.513996034676001,0.26295326812243836,-0.3639773238059059
160090,6,7027.116062548315,-0.3259346357957944,-0.039725461521081924,0.10341255879749328
160090,7,1993.5240342437407,-1.949777560883526,-0.2065057027816214,0.18525577114509695
160090,8,-8319.654313164512,0.24701566468903602,-0.5870369724397361,-0.1366757584206749
160090,9,-2624.4704196057382,-2.132481822926394,-0.5419970737620485,0.2603686188605229
160090,10,-3459.188358510859,-2.9491618302326748,0.7740321236804177,0.13452502752025558
160091,0,-1569.185090883964,-1.0027050930666763,1.597633607810548,0.2681029997756047
160091,1,3327.814110647345,2.576429174527062,-0.6607286892019786,0.1310679831014066
160091,2,-7175.711911577839,-1.9255561295773131,-0.23651024196967152,0.44011828969418454
160091,3,3117.2901998761936,-0.8861644515342686,0.3417196777014845,-0.0447179500402381
160091,4,-6604.30655932122,2.091661385645925,-0.29093322843423475,-0.1969784850574843
160091,5,780.9026337940084,2.9418218320942673,0.06937196478322322,0.5163244304240892
160092,0,-6871.505105706636,-2.0947206477088414,0.43199348470620336,-0.5578398081786407
160092,1,-9501.663679564695,2.235798458830577,0.33699843036067323,0.8983578828958703
160092,2,1488.3318215853535,0.6151966491909979,0.3035882178104617,0.2943578432351409
160092,3,-460.9652277750804,0.5709169501933062,-0.10845691394600457,0.12774807498118068
160092,4,-3574.644230609823,0.629926581806115,-0.226619287641456,0.4344501582752248
160092,5,3055.7270465247734,0.23116909266984154,-0.5345300142963127,-0.3319109190553692
160092,6,-5159.0605126388045,-2.8156684821558313,-0.006528315568465339,0.6931320882396488
160093,0,601.297422603562,-0.5259798832160629,-0.7805191248852184,-0.04566713298934405
160093,1,5301.197546213745,3.0279393250651117,-0.23563873251896983,0.679298201041887
160093,2,-2850.421291500925,0.6688280351339961,0.6501209414598261,-1.3002242403589879
160093,3,-1595.9374036287402,-1.8588155724229602,0.05621139150003169,-0.09337546149035308
160093,4,-8064.351195708777,-2.9057335977274548,-0.39632709916809705,0.6261120923544556
160093,5,-570.568806098755,-2.8177876853723456,-0.0793826454412421,0.6154783662530466
160093,6,-6419.638102513255,1.0985368676364953,-0.09012958241361897,0.7454705165183493
160093,7,-343.21971078275703,0.36275595051582465,-0.5753652545921528,-0.663958735069234
160093,8,3061.2419608959167,-2.8026012650544923,0.38268941539429413,-0.785475913963238
160093,9,7798.403686864797,-1.294698434740252,0.2740200755015224,0.26642869585930773
160094,0,3302.752581704351,-2.358395176727454,1.156325076978523,0.07719570552793914
160094,1,-8318.254211944324,2.2474507112574713,-0.10026577081288324,-0.812323487125008
160094,2,8679.911506351615,2.7259787577723076,1.0659283791863374,-0.2754451375630476
160094,3,-3051.2858570870208,2.483383761383526,1.2754427654723204,0.20626396743246692
160094,4,-8275.539286165487,2.5589924150098433,-0.7898028019313604,-0.4210308555932068
160094,5,5230.425433117673,-1.5663492139178146,-0.2765747709316804,-0.6576075304423948
160094,6,1096.1534980250533,2.339179275804309,0.42818363250767605,-0.49023528070929745
160094,7,-8554.077406956312,0.9123318701678169,0.22200015079929475,0.11877309370919277
160094,8,-2441.8553156320977,-1.5463908952493577,-2.2254800598855904,1.011675226250826
160094,9,-9443.382246382078,-2.1317594589333444,0.07477305278971058,-0.937492406192123
160095,0,9291.1274314543,1.903291998090765,0.06942462323088114,0.1351464089968662
160095,1,-9186.556403469922,-0.4035687004532975,-0.9471509631170775,0.14909401470372086
160095,2,-4809.055455326271,0.9960598636240334,-0.699716660145212,-0.4412020662858117
160095,3,9559.845389044889,2.0374303998472936,-0.3309691599352031,-0.5859883154013678
160095,4,-8789.917971741652,2.884182901431436,0.7090201500093785,-0.10539411623438358
160095,5,9714.96251135437,2.380475971496577,-0.39963617368841553,0.07751811028438578
160095,6,-8648.889361279202,1.5249408187771625,-0.5956392000839076,-0.23358608827587082
160095,7,1793.1129915438107,1.122930737398593,-0.4868281572793932,0.31854800984346254
160095,8,2961.6732526913092,-2.9968649993431797,2.2368071028762726,1.3790824757504856
160095,9,2220.0332632850022,-1.2680281824052873,-0.6301908399967402,0.2533890551245044
160096,0,-7517.368398416328,-1.5086321923659574,-0.530950558612364,0.6654222916638073
160096,1,-7512.44551069664,0.17503288786126525,0.3516559569954435,-0.32063375196819976
160096,2,-5319.884616359853,1.6259573195970454,-1.1906510193174686,-0.06769803654156278
160096,3,4700.584678520033,-2.0837509018831706,-0.6407091987273725,-0.7839931954812247
160096,4,6060.73667173443,-3.1415835114075903,-0.5848642857977473,0.0693454682447973
160096,5,2326.778298794824,-1.2712199723002726,0.18755867257187744,-0.26370312466115564
160097,0,6370.9754290836745,-1.0573485982324682,0.002097771617036206,0.48941265399390255
160097,1,-4254.642825812337,-3.120560653465222,0.9100131107589721,-0.2932232636065657
160097,2,4000.1440598413824,-1.102199060770754,0.5234355374089644,-0.5143159646201397
160097,3,5398.776093432191,1.3669074251397255,-1.6735572269872299,-0.4482729641450167
160097,4,7149.805714673248,-1.6210202219336944,0.8307694289312467,-1.3459681322488406
160097,5,5405.277839700201,2.019516796379553,-0.05967297571502253,-0.5477852675574413
160097,6,-792.6084276162104,0.47116927294773836,0.08247727695099458,-0.3398710846023866
160097,7,-1644.6103219074246,3.0664841347811453,0.04547904394587958,-0.2573849374887838
160097,8,4450.932220562556,3.018997406382822,0.05692579587607703,0.8744093490572211
160098,0,5778.328292023716,-0.9303383453400067,-0.9179285399646724,-0.579010086595213
160098,1,-3663.4556709254994,2.750412624096575,-0.43793456259228686,-0.11608368807728381
160098,2,4666.895497544376,2.752729295779318,-0.8379038301905789,0.4952739872818451
160098,3,-1301.7815521923412,-2.8322036706406335,0.3280476934932951,-0.042181481698912504
160098,4,7642.960836357833,-1.1278151712982716,-0.5176690320134516,1.0221777519972417
160098,5,6574.199886337966,-1.2590753490646465,-0.05834930363040531,-0.21855201007764175
160098,6,-8621.440538029323,-0.3434885051273513,-0.4006753200706688,-0.6289729087332206
160098,7,-3009.7516198618177,0.2679891921812918,0.6418414146334208,-0.1429239237615018
160098,8,4198.223192036829,0.31143254428510403,-1.192946004154208,-0.15378089393233052
160098,9,-7012.754953299581,-3.1134520880900545,-0.3175298268365444,0.2901140851862076
160099,0,2237.136566873677,2.769528253377713,-0.7810840933487595,0.4683152788366903
160099,1,8426.607704023068,3.017408750539423,-0.15919308361245302,0.7152998569058681
160099,2,4237.761081877734,1.7529986230883843,0.7678520784338316,0.5573447786285286
160099,3,9669.413111321022,1.2229651371591883,0.6200901765507912,-0.04468927568498676
160099,4,-6248.835961453438,-2.4753906831850854,-0.45705444533782547,0.17967114106644658
160099,5,-5974.353511181492,-2.0982025256374195,0.027309596462943946,-0.31213215549117596
160099,6,5590.991806522747,-2.3170511940338736,-0.007760529103693837,0.1994061651459146
160099,7,1582.6372318595256,0.054900151697910626,-0.235976833297083,-0.14534274806939262
